complex_id,station_id,gtfs_stop_id,stop_name,constituent_station_name,borough,daytime_routes
617,27,R31,Atlantic Av-Barclays Ctr,Atlantic Av-Barclays Ctr,B,2 3 4 5 B D N Q R
28,28,R32,Union St,Union St,B,R
608,29,R33,4 Av-9 St,4 Av-9 St,B,F G R
30,30,R34,Prospect Av,Prospect Av,B,R
31,31,R35,25 St,25 St,B,R
32,32,R36,36 St,36 St,B,D N R
33,33,R39,45 St,45 St,B,R
34,34,R40,53 St,53 St,B,R
35,35,R41,59 St,59 St,B,N R
36,36,R42,Bay Ridge Av,Bay Ridge Av,B,R
37,37,R43,77 St,77 St,B,R
38,38,R44,86 St,86 St,B,R
39,39,R45,Bay Ridge-95 St,Bay Ridge-95 St,B,R
221,221,B04,21 St-Queensbridge,21 St-Queensbridge,Q,M
222,222,B06,Roosevelt Island,Roosevelt Island,M,M
223,223,B08,Lexington Av/63 St,Lexington Av/63 St,M,M Q
224,224,B10,57 St,57 St,M,M
225,225,D15,47-50 Sts-Rockefeller Ctr,47-50 Sts-Rockefeller Ctr,M,B D F M
609,226,D16,42 St-Bryant Pk/5 Av,42 St-Bryant Pk,M,7 B D F M
607,227,D17,34 St-Herald Sq,34 St-Herald Sq,M,B D F M N Q R W
228,228,D18,23 St,23 St,M,F M
601,229,D19,14 St/6 Av,14 St,M,1 2 3 L F M
619,230,D21,Broadway-Lafayette St/Bleecker St,Broadway-Lafayette St,M,6 B D F M
231,231,D22,Grand St,Grand St,M,B D
232,232,F14,2 Av,2 Av,M,F
625,233,F15,Delancey St-Essex St,Delancey St-Essex St,M,F M J Z
234,234,F16,East Broadway,East Broadway,M,F
235,235,F18,York St,York St,B,F
236,236,F20,Bergen St,Bergen St,B,F G
237,237,F21,Carroll St,Carroll St,B,F G
238,238,F22,Smith-9 Sts,Smith-9 Sts,B,F G
608,239,F23,4 Av-9 St,4 Av-9 St,B,F G R
240,240,F24,7 Av,7 Av,B,F G
241,241,F25,15 St-Prospect Park,15 St-Prospect Park,B,F G
242,242,F26,Fort Hamilton Pkwy,Fort Hamilton Pkwy,B,F G
243,243,F27,Church Av,Church Av,B,F G
244,244,F29,Ditmas Av,Ditmas Av,B,F
245,245,F30,18 Av,18 Av,B,F
246,246,F31,Avenue I,Avenue I,B,F
247,247,F32,Bay Pkwy,Bay Pkwy,B,F
248,248,F33,Avenue N,Avenue N,B,F
249,249,F34,Avenue P,Avenue P,B,F
250,250,F35,Kings Hwy,Kings Hwy,B,F
251,251,F36,Avenue U,Avenue U,B,F
252,252,F38,Avenue X,Avenue X,B,F
253,253,F39,Neptune Av,Neptune Av,B,F
143,143,A02,Inwood-207 St,Inwood-207 St,M,A
144,144,A03,Dyckman St,Dyckman St,M,A
145,145,A05,190 St,190 St,M,A
146,146,A06,181 St,181 St,M,A
147,147,A07,175 St,175 St,M,A
605,148,A09,168 St-Washington Hts,168 St,M,1 A C
149,149,A10,163 St-Amsterdam Av,163 St-Amsterdam Av,M,C
150,150,A11,155 St,155 St,M,C
152,152,A14,135 St,135 St,M,C B
153,153,A15,125 St,125 St,M,A C B D
154,154,A16,116 St,116 St,M,C B
155,155,A17,Cathedral Pkwy (110 St),Cathedral Pkwy (110 St),M,C B
156,156,A18,103 St,103 St,M,C B
157,157,A19,96 St,96 St,M,C B
158,158,A20,86 St,86 St,M,C B
159,159,A21,81 St-Museum of Natural History,81 St-Museum of Natural History,M,C B
160,160,A22,72 St,72 St,M,C B
614,161,A24,59 St-Columbus Circle,59 St-Columbus Circle,M,1 A C B D
162,162,A25,50 St,50 St,M,C E
611,163,A27,Times Sq-42 St/Port Authority Bus Terminal,42 St-Port Authority Bus Terminal,M,1 2 3 7 A C E N Q R W S
164,164,A28,34 St-Penn Station,34 St-Penn Station,M,A C E
165,165,A30,23 St,23 St,M,C E
618,166,A31,14 St/8 Av,14 St,M,A C E L
168,168,A33,Spring St,Spring St,M,C E
169,169,A34,Canal St,Canal St,M,A C E
624,170,A36,Chambers St/WTC/Park Place/Cortlandt St,Chambers St,M,2 3 A C E R W
624,171,E01,Chambers St/WTC/Park Place/Cortlandt St,World Trade Center,M,2 3 A C E R W
173,173,A40,High St,High St,B,A C
636,174,A41,Jay St-MetroTech,Jay St-MetroTech,B,A C F R
175,175,A42,Hoyt-Schermerhorn Sts,Hoyt-Schermerhorn Sts,B,A C G
176,176,A43,Lafayette Av,Lafayette Av,B,C
177,177,A44,Clinton-Washington Avs,Clinton-Washington Avs,B,C
627,178,A45,Franklin Av,Franklin Av,B,C S
179,179,A46,Nostrand Av,Nostrand Av,B,A C
180,180,A47,Kingston-Throop Avs,Kingston-Throop Avs,B,C
181,181,A48,Utica Av,Utica Av,B,A C
182,182,A49,Ralph Av,Ralph Av,B,C
183,183,A50,Rockaway Av,Rockaway Av,B,C
621,184,A51,Broadway Junction,Broadway Junction,B,A C J Z L
185,185,A52,Liberty Av,Liberty Av,B,C
186,186,A53,Van Siclen Av,Van Siclen Av,B,C
187,187,A54,Shepherd Av,Shepherd Av,B,C
188,188,A55,Euclid Av,Euclid Av,B,A C
167,167,A32; D20,W 4 St-Wash Sq,W 4 St-Wash Sq,M,A C E B D F M
151,151,A12; D13,145 St,145 St,M,A C B D
1,1,R01,Astoria-Ditmars Blvd,Astoria-Ditmars Blvd,Q,N W
2,2,R03,Astoria Blvd,Astoria Blvd,Q,N W
3,3,R04,30 Av,30 Av,Q,N W
4,4,R05,Broadway,Broadway,Q,N W
5,5,R06,36 Av,36 Av,Q,N W
6,6,R08,39 Av-Dutch Kills,39 Av-Dutch Kills,Q,N W
613,7,R11,Lexington Av/59 St,Lexington Av/59 St,M,4 5 6 N R W
8,8,R13,5 Av/59 St,5 Av/59 St,M,N R W
623,18,R23,Canal St,Canal St,M,6 J Z N Q R W
20,20,R24,City Hall,City Hall,M,R W
624,21,R25,Chambers St/WTC/Park Place/Cortlandt St,Cortlandt St,M,2 3 A C E R W
22,22,R26,Rector St,Rector St,M,R W
635,23,R27,Whitehall St-South Ferry,Whitehall St-South Ferry,M,1 R W
620,24,R28,Borough Hall/Court St,Court St,B,2 3 4 5 R
636,25,R29,Jay St-MetroTech,Jay St-MetroTech,B,A C F R
293,293,101,Van Cortlandt Park-242 St,Van Cortlandt Park-242 St,Bx,1
294,294,103,238 St,238 St,Bx,1
295,295,104,231 St,231 St,Bx,1
296,296,106,Marble Hill-225 St,Marble Hill-225 St,M,1
297,297,107,215 St,215 St,M,1
298,298,108,207 St,207 St,M,1
299,299,109,Dyckman St,Dyckman St,M,1
300,300,110,191 St,191 St,M,1
301,301,111,181 St,181 St,M,1
605,302,112,168 St-Washington Hts,168 St-Washington Hts,M,1 A C
303,303,113,157 St,157 St,M,1
304,304,114,145 St,145 St,M,1
305,305,115,137 St-City College,137 St-City College,M,1
306,306,116,125 St,125 St,M,1
307,307,117,116 St-Columbia University,116 St-Columbia University,M,1
308,308,118,Cathedral Pkwy (110 St),Cathedral Pkwy (110 St),M,1
309,309,119,103 St,103 St,M,1
310,310,120,96 St,96 St,M,1 2 3
311,311,121,86 St,86 St,M,1
312,312,122,79 St,79 St,M,1
313,313,123,72 St,72 St,M,1 2 3
314,314,124,66 St-Lincoln Center,66 St-Lincoln Center,M,1
614,315,125,59 St-Columbus Circle,59 St-Columbus Circle,M,1 A C B D
316,316,126,50 St,50 St,M,1
611,317,127,Times Sq-42 St/Port Authority Bus Terminal,Times Sq-42 St,M,1 2 3 7 A C E N Q R W S
318,318,128,34 St-Penn Station,34 St-Penn Station,M,1 2 3
319,319,129,28 St,28 St,M,1
320,320,130,23 St,23 St,M,1
321,321,131,18 St,18 St,M,1
601,322,132,14 St/6 Av,14 St,M,1 2 3 L F M
323,323,133,Christopher St-Stonewall,Christopher St-Stonewall,M,1
324,324,134,Houston St,Houston St,M,1
325,325,135,Canal St,Canal St,M,1
326,326,136,Franklin St,Franklin St,M,1
327,327,137,Chambers St,Chambers St,M,1 2 3
328,328,138,WTC Cortlandt,WTC Cortlandt,M,1
329,329,139,Rector St,Rector St,M,1
635,330,142,Whitehall St-South Ferry,South Ferry,M,1 R W
9,9,R14,57 St-7 Av,57 St-7 Av,M,N Q R W
10,10,R15,49 St,49 St,M,N R W
611,11,R16,Times Sq-42 St/Port Authority Bus Terminal,Times Sq-42 St,M,1 2 3 7 A C E N Q R W S
607,12,R20,14 St-Union Sq,14 St-Union Sq,M,4 5 6 L N Q R W
607,12,R17,34 St-Herald Sq,34 St-Herald Sq,M,B D F M N Q R W
602,12,R17,34 St-Herald Sq,34 St-Herald Sq,M,B D F M N Q R W
13,13,R18,28 St,28 St,M,R W
14,14,R19,23 St,23 St,M,R W
16,16,R21,8 St-NYU,8 St-NYU,M,R W
17,17,R22,Prince St,Prince St,M,R W
26,26,R30,DeKalb Av,DeKalb Av,B,B Q R
617,40,D24,Atlantic Av-Barclays Ctr,Atlantic Av-Barclays Ctr,B,2 3 4 5 B D N Q R
41,41,D25,7 Av,7 Av,B,B Q
42,42,D26,Prospect Park,Prospect Park,B,B Q S
43,43,D27,Parkside Av,Parkside Av,B,Q
44,44,D28,Church Av,Church Av,B,B Q
45,45,D29,Beverley Rd,Beverley Rd,B,Q
46,46,D30,Cortelyou Rd,Cortelyou Rd,B,Q
47,47,D31,Newkirk Plaza,Newkirk Plaza,B,B Q
48,48,D32,Avenue H,Avenue H,B,Q
49,49,D33,Avenue J,Avenue J,B,Q
50,50,D34,Avenue M,Avenue M,B,Q
51,51,D35,Kings Hwy,Kings Hwy,B,B Q
52,52,D37,Avenue U,Avenue U,B,Q
53,53,D38,Neck Rd,Neck Rd,B,Q
54,54,D39,Sheepshead Bay,Sheepshead Bay,B,B Q
55,55,D40,Brighton Beach,Brighton Beach,B,B Q
56,56,D41,Ocean Pkwy,Ocean Pkwy,B,Q
57,57,D42,W 8 St-NY Aquarium,W 8 St-NY Aquarium,B,F Q
618,115,L01,14 St/8 Av,8 Av,M,A C E L
601,116,L02,14 St/6 Av,6 Av,M,1 2 3 L F M
602,117,R20,14 St-Union Sq,14 St-Union Sq,M,4 5 6 L N Q R W
118,118,L05,3 Av,3 Av,M,L
119,119,L06,1 Av,1 Av,M,L
120,120,L08,Bedford Av,Bedford Av,B,L
629,121,L10,Metropolitan Av/Lorimer St,Lorimer St,B,G L
122,122,L11,Graham Av,Graham Av,B,L
123,123,L12,Grand St,Grand St,B,L
124,124,L13,Montrose Av,Montrose Av,B,L
125,125,L14,Morgan Av,Morgan Av,B,L
126,126,L15,Jefferson St,Jefferson St,B,L
127,127,L16,DeKalb Av,DeKalb Av,B,L
630,128,L17,Myrtle-Wyckoff Avs,Myrtle-Wyckoff Avs,Q,M L
129,129,L19,Halsey St,Halsey St,B,L
130,130,L20,Wilson Av,Wilson Av,B,L
131,131,L21,Bushwick Av-Aberdeen St,Bushwick Av-Aberdeen St,B,L
133,133,L24,Atlantic Av,Atlantic Av,B,L
134,134,L25,Sutter Av,Sutter Av,B,L
135,135,L26,Livonia Av,Livonia Av,B,L
136,136,L27,New Lots Av,New Lots Av,B,L
137,137,L28,East 105 St,East 105 St,B,L
138,138,L29,Canarsie-Rockaway Pkwy,Canarsie-Rockaway Pkwy,B,L
624,331,228,Chambers St/WTC/Park Place/Cortlandt St,Park Place,M,2 3 A C E R W
628,332,229,Fulton St,Fulton St,M,2 3 4 5 A C J Z
333,333,230,Wall St,Wall St,M,2 3
334,334,231,Clark St,Clark St,B,2 3
620,335,232,Borough Hall/Court St,Borough Hall,B,2 3 4 5 R
210,210,D01,Norwood-205 St,Norwood-205 St,Bx,D
211,211,D03,Bedford Park Blvd,Bedford Park Blvd,Bx,B D
212,212,D04,Kingsbridge Rd,Kingsbridge Rd,Bx,B D
213,213,D05,Fordham Rd,Fordham Rd,Bx,B D
214,214,D06,182-183 Sts,182-183 Sts,Bx,B D
215,215,D07,Tremont Av,Tremont Av,Bx,B D
216,216,D08,174-175 Sts,174-175 Sts,Bx,B D
217,217,D09,170 St,170 St,Bx,B D
218,218,D10,167 St,167 St,Bx,B D
604,219,D11,161 St-Yankee Stadium,161 St-Yankee Stadium,Bx,4 B D
220,220,D12,155 St,155 St,M,B D
283,28,G26,Greenpoint Av,Greenpoint Av,B,G
606,281,G22,Court Sq-23 St,Court Sq,Q,7 E M G
282,282,G24,21 St,21 St,Q,G
284,284,G28,Nassau Av,Nassau Av,B,G
629,285,G29,Metropolitan Av/Lorimer St,Metropolitan Av,B,G L
286,286,G30,Broadway,Broadway,B,G
287,287,G31,Flushing Av,Flushing Av,B,G
288,288,G32,Myrtle-Willoughby Avs,Myrtle-Willoughby Avs,B,G
289,289,G33,Bedford-Nostrand Avs,Bedford-Nostrand Avs,B,G
290,290,G34,Classon Av,Classon Av,B,G
291,291,G35,Clinton-Washington Avs,Clinton-Washington Avs,B,G
292,292,G36,Fulton St,Fulton St,B,G
442,442,501,Eastchester-Dyre Av,Eastchester-Dyre Av,Bx,5
443,443,502,Baychester Av,Baychester Av,Bx,5
444,444,503,Gun Hill Rd,Gun Hill Rd,Bx,5
445,445,504,Pelham Pkwy,Pelham Pkwy,Bx,5
446,446,505,Morris Park,Morris Park,Bx,5
336,336,233,Hoyt St,Hoyt St,B,2 3
337,337,234,Nevins St,Nevins St,B,2 3 4 5
617,338,235,Atlantic Av-Barclays Ctr,Atlantic Av-Barclays Ctr,B,2 3 4 5 B D N Q R
339,339,236,Bergen St,Bergen St,B,2 3
340,340,237,Grand Army Plaza,Grand Army Plaza,B,2 3
341,341,238,Eastern Pkwy-Brooklyn Museum,Eastern Pkwy-Brooklyn Museum,B,2 3
626,342,239,Franklin Av-Medgar Evers College/Botanic Garden,Franklin Av-Medgar Evers College,B,2 3 4 5 S
343,343,248,Nostrand Av,Nostrand Av,B,3
344,344,249,Kingston Av,Kingston Av,B,3
345,345,250,Crown Hts-Utica Av,Crown Hts-Utica Av,B,3 4
346,346,251,Sutter Av-Rutland Rd,Sutter Av-Rutland Rd,B,3
347,347,252,Saratoga Av,Saratoga Av,B,3
348,348,253,Rockaway Av,Rockaway Av,B,3
349,349,254,Junius St,Junius St,B,3
350,350,255,Pennsylvania Av,Pennsylvania Av,B,3
351,351,256,Van Siclen Av,Van Siclen Av,B,3
352,352,257,New Lots Av,New Lots Av,B,3
620,415,423,Borough Hall/Court St,Borough Hall,B,2 3 4 5 R
447,447,701,Flushing-Main St,Flushing-Main St,Q,7
448,448,702,Mets-Willets Point,Mets-Willets Point,Q,7
449,449,705,111 St,111 St,Q,7
450,450,706,103 St-Corona Plaza,103 St-Corona Plaza,Q,7
451,451,707,Junction Blvd,Junction Blvd,Q,7
452,452,708,90 St-Elmhurst Av,90 St-Elmhurst Av,Q,7
453,453,709,82 St-Jackson Hts,82 St-Jackson Hts,Q,7
616,454,710,Jackson Hts-Roosevelt Av/74 St-Broadway,74 St-Broadway,Q,7 E F M R
455,455,711,69 St,69 St,Q,7
456,456,712,61 St-Woodside,61 St-Woodside,Q,7
457,456,712,61 St-Woodside,61 St-Woodside,Q,7
458,456,712,61 St-Woodside,61 St-Woodside,Q,7
459,456,712,61 St-Woodside,61 St-Woodside,Q,7
460,456,712,61 St-Woodside,61 St-Woodside,Q,7
461,456,712,61 St-Woodside,61 St-Woodside,Q,7
457,457,713,52 St,52 St,Q,7
458,458,714,46 St-Bliss St,46 St-Bliss St,Q,7
459,459,715,40 St-Lowery St,40 St-Lowery St,Q,7
460,460,716,33 St-Rawson St,33 St-Rawson St,Q,7
606,462,719,Court Sq-23 St,Court Sq,Q,7 E M G
463,463,720,Hunters Point Av,Hunters Point Av,Q,7
464,464,721,Vernon Blvd-Jackson Av,Vernon Blvd-Jackson Av,Q,7
610,465,723,Grand Central-42 St,Grand Central-42 St,M,4 5 6 7 S
609,466,724,42 St-Bryant Pk/5 Av,5 Av,M,7 B D F M
471,471,726,34 St-Hudson Yards,34 St-Hudson Yards,M,7
461,461,718; R09,Queensboro Plaza,Queensboro Plaza,Q,7 N W
627,139,S01,Franklin Av,Franklin Av,B,C S
141,141,S03,Park Pl,Park Pl,B,S
626,142,S04,Franklin Av-Medgar Evers College/Botanic Garden,Botanic Garden,B,2 3 4 5 S
80,80,J12,121 St,121 St,Q,J Z
81,81,J13,111 St,111 St,Q,J
82,82,J14,104 St,104 St,Q,J Z
83,83,J15,Woodhaven Blvd,Woodhaven Blvd,Q,J Z
84,84,J16,85 St-Forest Pkwy,85 St-Forest Pkwy,Q,J
85,85,J17,75 St-Elderts Ln,75 St-Elderts Ln,Q,J Z
86,86,J19,Cypress Hills,Cypress Hills,B,J
87,87,J20,Crescent St,Crescent St,B,J Z
88,88,J21,Norwood Av,Norwood Av,B,J Z
89,89,J22,Cleveland St,Cleveland St,B,J
90,90,J23,Van Siclen Av,Van Siclen Av,B,J Z
91,91,J24,Alabama Av,Alabama Av,B,J Z
93,93,J28,Chauncey St,Chauncey St,B,J Z
94,94,J29,Halsey St,Halsey St,B,J
95,95,J30,Gates Av,Gates Av,B,J Z
96,96,J31,Kosciuszko St,Kosciuszko St,B,J
97,97,M11,Myrtle Av,Myrtle Av,B,M J Z
98,98,M12,Flushing Av,Flushing Av,B,M J
99,99,M13,Lorimer St,Lorimer St,B,M J
100,100,M14,Hewes St,Hewes St,B,M J
101,101,M16,Marcy Av,Marcy Av,B,M J Z
625,102,M18,Delancey St-Essex St,Delancey St-Essex St,M,F M J Z
103,103,M19,Bowery,Bowery,M,J Z
623,104,M20,Canal St,Canal St,M,6 J Z N Q R W
622,105,M21,Brooklyn Bridge-City Hall/Chambers St,Chambers St,M,4 5 6 J Z
628,106,M22,Fulton St,Fulton St,M,2 3 4 5 A C J Z
107,107,M23,Broad St,Broad St,M,J Z
378,378,401,Woodlawn,Woodlawn,Bx,4
379,379,402,Mosholu Pkwy,Mosholu Pkwy,Bx,4
380,380,405,Bedford Park Blvd-Lehman College,Bedford Park Blvd-Lehman College,Bx,4
381,381,406,Kingsbridge Rd,Kingsbridge Rd,Bx,4
382,382,407,Fordham Rd,Fordham Rd,Bx,4
383,383,408,183 St,183 St,Bx,4
384,384,409,Burnside Av,Burnside Av,Bx,4
385,385,410,176 St,176 St,Bx,4
386,386,411,Mt Eden Av,Mt Eden Av,Bx,4
387,387,412,170 St,170 St,Bx,4
388,388,413,167 St,167 St,Bx,4
604,389,414,161 St-Yankee Stadium,161 St-Yankee Stadium,Bx,4 B D
603,390,415,149 St-Grand Concourse,149 St-Grand Concourse,Bx,2 4 5
391,391,416,138 St-Grand Concourse,138 St-Grand Concourse,Bx,4 5
416,416,201,Wakefield-241 St,Wakefield-241 St,Bx,2
417,417,204,Nereid Av,Nereid Av,Bx,2 5
418,418,205,233 St,233 St,Bx,2 5
419,419,206,225 St,225 St,Bx,2 5
420,420,207,219 St,219 St,Bx,2 5
421,421,208,Gun Hill Rd,Gun Hill Rd,Bx,2 5
422,422,209,Burke Av,Burke Av,Bx,2 5
423,423,210,Allerton Av,Allerton Av,Bx,2 5
424,424,211,Pelham Pkwy,Pelham Pkwy,Bx,2 5
425,425,212,Bronx Park East,Bronx Park East,Bx,2 5
426,426,213,E 180 St,E 180 St,Bx,2 5
427,427,214,West Farms Sq-E Tremont Av,West Farms Sq-E Tremont Av,Bx,2 5
428,428,215,174 St,174 St,Bx,2 5
429,429,216,Freeman St,Freeman St,Bx,2 5
430,430,217,Simpson St,Simpson St,Bx,2 5
431,431,218,Intervale Av,Intervale Av,Bx,2 5
432,432,219,Prospect Av,Prospect Av,Bx,2 5
433,433,220,Jackson Av,Jackson Av,Bx,2 5
434,434,221,3 Av-149 St,3 Av-149 St,Bx,2 5
436,436,301,Harlem-148 St,Harlem-148 St,M,3
437,437,302,145 St,145 St,M,3
438,438,224,135 St,135 St,M,2 3
439,439,225,125 St,125 St,M,2 3
440,440,226,116 St,116 St,M,2 3
441,441,227,110 St-Malcolm X Plaza,110 St-Malcolm X Plaza,M,2 3
392,392,621,125 St,125 St,M,4 5 6
393,393,622,116 St,116 St,M,6
394,394,623,110 St,110 St,M,6
395,395,624,103 St,103 St,M,6
396,396,625,96 St,96 St,M,6
397,397,626,86 St,86 St,M,4 5 6
398,398,627,77 St,77 St,M,6
399,399,628,68 St-Hunter College,68 St-Hunter College,M,6
613,400,629,Lexington Av/59 St,59 St,M,4 5 6 N R W
612,401,630,Lexington Av/51-53 Sts,51 St,M,6 E M
610,402,631,Grand Central-42 St,Grand Central-42 St,M,4 5 6 7 S
403,403,632,33 St,33 St,M,6
404,404,633,28 St,28 St,M,6
405,405,634,23 St-Baruch College,23 St-Baruch College,M,6
602,406,635,14 St-Union Sq,14 St-Union Sq,M,4 5 6 L N Q R W
407,407,636,Astor Pl,Astor Pl,M,6
619,408,637,Broadway-Lafayette St/Bleecker St,Bleecker St,M,6 B D F M
409,409,638,Spring St,Spring St,M,6
623,410,639,Canal St,Canal St,M,6 J Z N Q R W
622,411,640,Brooklyn Bridge-City Hall/Chambers St,Brooklyn Bridge-City Hall,M,4 5 6 J Z
628,412,418,Fulton St,Fulton St,M,2 3 4 5 A C J Z
413,413,419,Wall St,Wall St,M,4 5
414,414,420,Bowling Green,Bowling Green,M,4 5
611,468,902,Times Sq-42 St/Port Authority Bus Terminal,Times Sq-42 St,M,1 2 3 7 A C E N Q R W S
610,469,901,Grand Central-42 St,Grand Central-42 St,M,4 5 6 7 S
189,189,A57,Grant Av,Grant Av,B,A
190,190,A59,80 St,80 St,Q,A
191,191,A60,88 St,88 St,Q,A
192,192,A61,Rockaway Blvd,Rockaway Blvd,Q,A
193,193,A63,104 St,104 St,Q,A
194,194,A64,111 St,111 St,Q,A
195,195,A65,Ozone Park-Lefferts Blvd,Ozone Park-Lefferts Blvd,Q,A
108,108,M01,Middle Village-Metropolitan Av,Middle Village-Metropolitan Av,Q,M
109,109,M04,Fresh Pond Rd,Fresh Pond Rd,Q,M
110,110,M05,Forest Av,Forest Av,Q,M
111,111,M06,Seneca Av,Seneca Av,Q,M
113,113,M09,Knickerbocker Av,Knickerbocker Av,B,M
114,114,M10,Central Av,Central Av,B,M
353,353,241,President St-Medgar Evers College,President St-Medgar Evers College,B,2 5
354,354,242,Sterling St,Sterling St,B,2 5
355,355,243,Winthrop St,Winthrop St,B,2 5
356,356,244,Church Av,Church Av,B,2 5
357,357,245,Beverly Rd,Beverly Rd,B,2 5
358,358,246,Newkirk Av-Little Haiti,Newkirk Av-Little Haiti,B,2 5
359,359,247,Flatbush Av-Brooklyn College,Flatbush Av-Brooklyn College,B,2 5
360,360,601,Pelham Bay Park,Pelham Bay Park,Bx,6
361,361,602,Buhre Av,Buhre Av,Bx,6
362,362,603,Middletown Rd,Middletown Rd,Bx,6
363,363,604,Westchester Sq-E Tremont Av,Westchester Sq-E Tremont Av,Bx,6
364,364,606,Zerega Av,Zerega Av,Bx,6
365,365,607,Castle Hill Av,Castle Hill Av,Bx,6
366,366,608,Parkchester,Parkchester,Bx,6
367,367,609,St Lawrence Av,St Lawrence Av,Bx,6
368,368,610,Morrison Av-Soundview,Morrison Av-Soundview,Bx,6
369,369,611,Elder Av,Elder Av,Bx,6
370,370,612,Whitlock Av,Whitlock Av,Bx,6
371,371,613,Hunts Point Av,Hunts Point Av,Bx,6
372,372,614,Longwood Av,Longwood Av,Bx,6
373,373,615,E 149 St,E 149 St,Bx,6
374,374,616,E 143 St-St Mary's St,E 143 St-St Mary's St,Bx,6
375,375,617,Cypress Av,Cypress Av,Bx,6
376,376,618,Brook Av,Brook Av,Bx,6
377,377,619,3 Av-138 St,3 Av-138 St,Bx,6
278,278,G05,Jamaica Center-Parsons/Archer,Jamaica Center-Parsons/Archer,Q,E J Z
279,279,G06,Sutphin Blvd-Archer Av-JFK Airport,Sutphin Blvd-Archer Av-JFK Airport,Q,E J Z
280,280,G07,Jamaica-Van Wyck,Jamaica-Van Wyck,Q,E
254,254,F01,Jamaica-179 St,Jamaica-179 St,Q,F
255,255,F02,169 St,169 St,Q,F
256,256,F03,Parsons Blvd,Parsons Blvd,Q,F
257,257,F04,Sutphin Blvd,Sutphin Blvd,Q,F
258,258,F05,Briarwood,Briarwood,Q,E F
259,259,F06,Kew Gardens-Union Tpke,Kew Gardens-Union Tpke,Q,E F
260,260,F07,75 Av,75 Av,Q,E F
261,261,G08,Forest Hills-71 Av,Forest Hills-71 Av,Q,E F M R
262,262,G09,67 Av,67 Av,Q,M R
263,263,G10,63 Dr-Rego Park,63 Dr-Rego Park,Q,M R
264,264,G11,Woodhaven Blvd,Woodhaven Blvd,Q,M R
265,265,G12,Grand Av-Newtown,Grand Av-Newtown,Q,M R
266,266,G13,Elmhurst Av,Elmhurst Av,Q,M R
616,267,G14,Jackson Hts-Roosevelt Av/74 St-Broadway,Jackson Hts-Roosevelt Av,Q,7 E F M R
268,268,G15,65 St,65 St,Q,M R
269,269,G16,Northern Blvd,Northern Blvd,Q,M R
270,270,G18,46 St,46 St,Q,M R
271,271,G19,Steinway St,Steinway St,Q,M R
272,272,G20,36 St,36 St,Q,M R
273,273,G21,Queens Plaza,Queens Plaza,Q,E F R
606,274,F09,Court Sq-23 St,Court Sq-23 St,Q,7 E F G
612,275,F11,Lexington Av/51-53 Sts,Lexington Av/53 St,M,6 E F
276,276,F12,5 Av/53 St,5 Av/53 St,M,E F
277,277,D14,7 Av,7 Av,M,E B D
196,196,H01,Aqueduct Racetrack,Aqueduct Racetrack,Q,A
197,197,H02,Aqueduct-N Conduit Av,Aqueduct-N Conduit Av,Q,A
198,198,H03,Howard Beach-JFK Airport,Howard Beach-JFK Airport,Q,A
199,199,H04,Broad Channel,Broad Channel,Q,A S
200,200,H12,Beach 90 St,Beach 90 St,Q,A S
201,201,H13,Beach 98 St,Beach 98 St,Q,A S
202,202,H14,Beach 105 St,Beach 105 St,Q,A S
203,203,H15,Rockaway Park-Beach 116 St,Rockaway Park-Beach 116 St,Q,A S
204,204,H06,Beach 67 St,Beach 67 St,Q,A
205,205,H07,Beach 60 St,Beach 60 St,Q,A
206,206,H08,Beach 44 St,Beach 44 St,Q,A
207,207,H09,Beach 36 St,Beach 36 St,Q,A
208,208,H10,Beach 25 St,Beach 25 St,Q,A
209,209,H11,Far Rockaway-Mott Av,Far Rockaway-Mott Av,Q,A
71,71,N02,8 Av,8 Av,B,N
72,72,N03,Fort Hamilton Pkwy,Fort Hamilton Pkwy,B,N
615,73,N04,62 St/New Utrecht Av,New Utrecht Av,B,D N
74,74,N05,18 Av,18 Av,B,N
75,75,N06,20 Av,20 Av,B,N
76,76,N07,Bay Pkwy,Bay Pkwy,B,N
77,77,N08,Kings Hwy,Kings Hwy,B,N
78,78,N09,Avenue U,Avenue U,B,N
79,79,N10,86 St,86 St,B,N
58,58,D43,Coney Island-Stillwell Av,Coney Island-Stillwell Av,B,D F N Q
475,475,Q05,96 St,96 St,M,Q
476,476,Q04,86 St,86 St,M,Q
477,477,Q03,72 St,72 St,M,Q
501,501,S31,St George,St George,SI,SIR
502,502,S30,Tompkinsville,Tompkinsville,SI,SIR
503,503,S29,Stapleton,Stapleton,SI,SIR
504,504,S28,Clifton,Clifton,SI,SIR
505,505,S27,Grasmere,Grasmere,SI,SIR
506,506,S26,Old Town,Old Town,SI,SIR
507,507,S25,Dongan Hills,Dongan Hills,SI,SIR
508,508,S24,Jefferson Av,Jefferson Av,SI,SIR
509,509,S23,Grant City,Grant City,SI,SIR
510,510,S22,New Dorp,New Dorp,SI,SIR
511,511,S21,Oakwood Heights,Oakwood Heights,SI,SIR
512,512,S20,Bay Terrace,Bay Terrace,SI,SIR
513,513,S19,Great Kills,Great Kills,SI,SIR
514,514,S18,Eltingville,Eltingville,SI,SIR
515,515,S17,Annadale,Annadale,SI,SIR
516,516,S16,Huguenot,Huguenot,SI,SIR
517,517,S15,Prince's Bay,Prince's Bay,SI,SIR
518,518,S14,Pleasant Plains,Pleasant Plains,SI,SIR
519,519,S13,Richmond Valley,Richmond Valley,SI,SIR
523,523,S11,Arthur Kill,Arthur Kill,SI,SIR
522,522,S09,Tottenville,Tottenville,SI,SIR
59,59,B12,9 Av,9 Av,B,D
60,60,B13,Fort Hamilton Pkwy,Fort Hamilton Pkwy,B,D
61,61,B14,50 St,50 St,B,D
62,62,B15,55 St,55 St,B,D
615,63,B16,62 St/New Utrecht Av,62 St,B,D N
64,64,B17,71 St,71 St,B,D
65,65,B18,79 St,79 St,B,D
66,66,B19,18 Av,18 Av,B,D
67,67,B20,20 Av,20 Av,B,D
68,68,B21,Bay Pkwy,Bay Pkwy,B,D
69,69,B22,25 Av,25 Av,B,D
70,70,B23,Bay 50 St,Bay 50 St,B,D
