target_entity,domain,priority,action_required,estimated_impact
1 Av,STATION_CROWD,CRITICAL,Deploy platform crowd marshals; enforce staggered turnstile metering.,Prevents platform overfill; reduces boarding bottleneck by ~30%.
1 Av,STATION_CROWD,CRITICAL,Deploy platform crowd marshals; enforce staggered turnstile metering.,Prevents platform overfill; reduces boarding bottleneck by ~30%.
1 Av,STATION_CROWD,CRITICAL,Deploy platform crowd marshals; enforce staggered turnstile metering.,Prevents platform overfill; reduces boarding bottleneck by ~30%.
1 Av,STATION_CROWD,CRITICAL,Deploy platform crowd marshals; enforce staggered turnstile metering.,Prevents platform overfill; reduces boarding bottleneck by ~30%.
103 St,STATION_CROWD,CRITICAL,Deploy platform crowd marshals; enforce staggered turnstile metering.,Prevents platform overfill; reduces boarding bottleneck by ~30%.
103 St,STATION_CROWD,CRITICAL,Deploy platform crowd marshals; enforce staggered turnstile metering.,Prevents platform overfill; reduces boarding bottleneck by ~30%.
103 St,STATION_CROWD,CRITICAL,Deploy platform crowd marshals; enforce staggered turnstile metering.,Prevents platform overfill; reduces boarding bottleneck by ~30%.
103 St - Corona Plaza,STATION_CROWD,CRITICAL,Deploy platform crowd marshals; enforce staggered turnstile metering.,Prevents platform overfill; reduces boarding bottleneck by ~30%.
103 St - Corona Plaza,STATION_CROWD,CRITICAL,Deploy platform crowd marshals; enforce staggered turnstile metering.,Prevents platform overfill; reduces boarding bottleneck by ~30%.
103 St - Corona Plaza,STATION_CROWD,CRITICAL,Deploy platform crowd marshals; enforce staggered turnstile metering.,Prevents platform overfill; reduces boarding bottleneck by ~30%.
103 St - Corona Plaza,STATION_CROWD,CRITICAL,Deploy platform crowd marshals; enforce staggered turnstile metering.,Prevents platform overfill; reduces boarding bottleneck by ~30%.
110 St,STATION_CROWD,CRITICAL,Deploy platform crowd marshals; enforce staggered turnstile metering.,Prevents platform overfill; reduces boarding bottleneck by ~30%.
110 St,STATION_CROWD,CRITICAL,Deploy platform crowd marshals; enforce staggered turnstile metering.,Prevents platform overfill; reduces boarding bottleneck by ~30%.
110 St,STATION_CROWD,CRITICAL,Deploy platform crowd marshals; enforce staggered turnstile metering.,Prevents platform overfill; reduces boarding bottleneck by ~30%.
