from_code,to_code,kind,vias
120,123,along_line,2;3
123,127,along_line,2;3
127,128,along_line,1;2;3
234,235,along_line,2;3;4;5
234,423,along_line,4;5
416,621,along_line,4;5
418,419,along_line,4;5
419,420,along_line,4;5
420,423,along_line,4;5
621,626,along_line,4;5
631,635,along_line,4;5
A24,A27,along_line,A
D04,D05,along_line,B;D
D39,D40,along_line,B;Q
G08,G09,along_line,E;F;M;R
G08,G14,along_line,E;F;FX
L01,L02,along_line,L
L02,L03,along_line,L
L03,L05,along_line,L
R01,R03,along_line,N;W
S30,S31,along_line,SIR
127,631,transfer,transfer
127,A27,transfer,transfer
635,L03,transfer,transfer
718,R05,transfer,transfer
