code,name,line,capacity_per_hour,lat,lng,services,trains_per_hour
111,181 St,1/2/3,3850,40.849505,-73.933596,1,21.5
128,34 St-Penn Station,1/2/3,11000,40.750373,-73.991057,1/2/3,61.0
123,72 St,1/2/3,11050,40.778453,-73.98197,1/2/3,61.5
120,96 St,1/2/3,11000,40.793919,-73.972323,1/2/3,61.0
235,Atlantic Av-Barclays Ctr,1/2/3,14600,40.684359,-73.977666,2/3/4/5,81.0
137,Chambers St,1/2/3,11050,40.715478,-74.009266,1/2/3,61.5
109,Dyckman St,1/2/3,3800,40.860531,-73.925536,1,21.0
247,Flatbush Av-Brooklyn College,1/2/3,6500,40.632836,-73.947642,2/5,36.0
106,Marble Hill-225 St,1/2/3,3800,40.874561,-73.909831,1,21.0
234,Nevins St,1/2/3,14400,40.688246,-73.980492,2/3/4/5,80.0
219,Prospect Av,1/2/3,4600,40.819585,-73.90177,2/5,25.5
127,Times Sq-42 St,1/2/3,11150,40.75529,-73.987495,1/2/3,62.0
621,125 St,4/5/6,13400,40.804138,-73.937594,4/5/6,74.5
416,138 St-Grand Concourse,4/5/6,5300,40.813224,-73.929849,4/5,29.5
635,14 St-Union Sq,4/5/6,13950,40.734673,-73.989951,4/5/6,77.5
626,86 St,4/5/6,13700,40.779492,-73.955589,4/5/6,76.0
423,Borough Hall,4/5/6,8100,40.692404,-73.990151,4/5,45.0
420,Bowling Green,4/5/6,8000,40.704817,-74.014065,4/5,44.5
418,Fulton St,4/5/6,8100,40.710368,-74.009509,4/5,45.0
631,Grand Central-42 St,4/5/6,13600,40.751776,-73.976848,4/5/6,75.5
601,Pelham Bay Park,4/5/6,2950,40.852462,-73.828121,6,16.5
419,Wall St,4/5/6,8000,40.707557,-74.011862,4/5,44.5
712,61 St-Woodside,7,9100,40.74563,-73.902984,7,50.5
701,Flushing-Main St,7,6950,40.7596,-73.83003,7,38.5
718,Queensboro Plaza,7,9450,40.750582,-73.940202,7,52.5
A09,168 St,A/C/E,5600,40.840719,-73.939561,A/C,31.0
A05,190 St,A/C/E,3400,40.859022,-73.93418,A,19.0
A27,42 St-Port Authority Bus Terminal,A/C/E,10700,40.757308,-73.989735,A/C/E,59.5
A24,59 St-Columbus Circle,A/C/E,11450,40.768296,-73.981736,A/B/C/D,63.5
G09,67 Av,A/C/E,5500,40.726523,-73.852719,E/F/M/R,30.5
A55,Euclid Av,A/C/E,6200,40.675377,-73.872106,A/C,34.5
G08,Forest Hills-71 Av,A/C/E,14150,40.721691,-73.844521,E/F/M/R,78.5
H03,Howard Beach-JFK Airport,A/C/E,2050,40.660476,-73.830301,A/S,11.5
G14,Jackson Hts-Roosevelt Av,A/C/E,14400,40.746644,-73.891338,E/F/M/R,80.0
G05,Jamaica Center-Parsons/Archer,A/C/E,6750,40.702147,-73.801109,E/J/Z,37.5
A41,Jay St-MetroTech,A/C/E,10550,40.692338,-73.987342,A/C/F,58.5
D11,161 St-Yankee Stadium,B/D/F/M,3950,40.827905,-73.925651,B/D,22.0
F23,4 Av-9 St,B/D/F/M,7100,40.670272,-73.989779,F/G,39.5
D16,42 St-Bryant Pk,B/D/F/M,12600,40.754222,-73.984569,B/D/F/M,70.0
D40,Brighton Beach,B/D/F/M,5500,40.577621,-73.961376,B/Q,30.5
F27,Church Av,B/D/F/M,7100,40.644041,-73.979678,F/G,39.5
D43,Coney Island-Stillwell Av,B/D/F/M,9900,40.577422,-73.981233,D/F/N/Q,55.0
D05,Fordham Rd,B/D/F/M,5150,40.861296,-73.897749,B/D,28.5
D04,Kingsbridge Rd,B/D/F/M,5150,40.866978,-73.893509,B/D,28.5
D26,Prospect Park,B/D/F/M,7750,40.661614,-73.962246,B/Q/S,43.0
B06,Roosevelt Island,B/D/F/M,2900,40.759145,-73.95326,F/M,16.0
D39,Sheepshead Bay,B/D/F/M,5600,40.586896,-73.954155,B/Q,31.0
L08,Bedford Av,L,6050,40.717304,-73.956872,L,33.5
R01,Astoria-Ditmars Blvd,N/Q/R/W,4400,40.775036,-73.912034,N/W,24.5
S31,St George,SIR,2600,40.643748,-74.073643,SIR,14.5
S30,Tompkinsville,SIR,1350,40.636949,-74.074835,SIR,7.5
