Station,Evening Peak,Morning Peak,Off-Peak,Evening_to_OffPeak_Ratio,Morning_to_OffPeak_Ratio
Attiguppe,354.0208333333333,1089.3541666666667,227.3599537037037,1.5570940597335559,4.791319442676862
BTM Layout,276.03508771929825,310.6929824561403,110.60233918128655,2.495743668376249,2.809099561148416
Baiyappanahalli,834.6875,1598.3125,340.5925925925926,2.4506918769030013,4.692740050021748
Banashankari,985.5625,822.375,371.181712962963,2.6552021976856945,2.215559040975862
Benniganahalli,1690.3472222222222,2393.347222222222,766.9027777777778,2.204121918974229,3.1207961316261295
Beratena Agrahara,84.21929824561404,45.64912280701754,20.04824561403509,4.200831327936994,2.276963465324874
Biocon Hebbagodi,159.0701754385965,96.75438596491227,48.23830409356725,3.2975905440218214,2.005758448249735
Bommanahalli,385.1929824561403,307.9122807017544,121.36111111111111,3.1739408030261047,2.537157726084495
Central Silk Board,534.859649122807,253.28947368421052,148.92690058479533,3.59142402764416,1.700763748453851
Challaghatta,509.5625,448.09027777777777,201.07407407407408,2.5342028918769572,2.228483606557377
Chickpete,1670.6319444444443,301.11805555555554,525.375,3.17988473841436,0.5731488090517355
Chikkabidarakallu,186.91666666666666,535.3680555555555,103.61458333333333,1.8039609932643008,5.166917998726585
Cubbon Park,2165.9236111111113,346.2083333333333,352.41898148148147,6.145876711878881,0.9823770895595915
Dasarahalli,591.6875,1290.2222222222222,318.84375,1.8557287072429678,4.046565824866325
Deepanjali Nagar,220.13194444444446,482.6458333333333,129.2939814814815,1.7025691522692685,3.7329334884970007
Delta Electronics Bommasandra,610.8421052631579,398.4122807017544,203.91081871345028,2.995633626097867,1.9538555296648148
Doddakallasandra,300.74305555555554,602.4027777777778,133.97800925925927,2.244719541798768,4.496281002444777
"Dr. B. R. Ambedkar Station, Vidhana Soudha",1808.4097222222222,192.3125,305.72685185185185,5.915115768432848,0.6290337235186335
Electronic City,308.43859649122805,189.21929824561403,118.60233918128655,2.600611409693802,1.5954094965731471
Garudacharpalya,992.0138888888889,370.0625,194.47453703703704,5.100996274386107,1.902884077464202
Goraguntepalya,720.2430555555555,534.6666666666666,216.59490740740742,3.325300045955391,2.4685098697218093
Halasuru,607.0208333333334,886.7777777777778,251.5625,2.4130020703933748,3.5250793650793653
Hongasandra,308.36752136752136,162.4102564102564,81.61823361823362,3.778169505724658,1.9898771292934934
Hoodi,638.0972222222222,513.7361111111111,200.26388888888889,3.186281989042236,2.565295790276718
Hopefarm Channasandra,162.29166666666666,306.4583333333333,67.08796296296296,2.419087709612863,4.568007728935201
Hosa Road,234.97368421052633,315.4298245614035,103.57163742690058,2.268706858828678,3.0455231991869347
Huskur Road,212.55555555555554,139.16239316239316,67.14814814814815,3.165471594043022,2.072468072468072
Indiranagar,2528.159722222222,1106.75,608.2280092592592,4.156598650070693,1.8196301109971476
Infosys Foundation Konappana Agrahara,628.8416666666667,298.64166666666665,181.65972222222223,3.4616460873886616,1.643961925150044
Jalahalli,599.7083333333334,683.4722222222222,236.49537037037038,2.5358142630620755,2.8900025448779436
Jaya Prakash Nagar,745.0,940.2361111111111,274.5925925925926,2.713110331804694,3.424113164283787
Jayadeva Hospital,535.675,182.44166666666666,131.18333333333334,4.083407445051455,1.390738152712489
Jayanagar,1398.625,518.0486111111111,423.95601851851853,3.2989860714500217,1.2219395137292586
Jnanabharathi,181.57638888888889,540.4861111111111,118.06712962962963,1.5379080482305656,4.577786491520439
Kadugodi Tree Park,622.0069444444445,1176.7083333333333,368.34143518518516,1.688669492563952,3.19461298928191
Kengeri,365.1875,638.1944444444445,162.15972222222223,2.252023467945698,3.9355916234850756
Kengeri Bus Terminal,407.5416666666667,698.7013888888889,218.59837962962962,1.86433983342952,3.196278902307949
Konanakunte Cross,824.3611111111111,1050.138888888889,368.5011574074074,2.2370651883725676,2.8497573692227967
Krantivira Sangolli Rayanna Railway Station,691.1944444444445,1161.7777777777778,366.787037037037,1.8844571226617526,3.1674450306717494
Krishna Rajendra Market,918.0208333333334,403.27777777777777,320.50231481481484,2.86431888600793,1.258267909892602
Krishnarajapura,1297.875,1635.2916666666667,558.0231481481482,2.32584437456962,2.9305086573801367
Kudlu Gate,365.4957264957265,219.2136752136752,97.21652421652422,3.759604958532368,2.2549013861618263
Kundalahalli,1065.8472222222222,224.59722222222223,234.58217592592592,4.543598498117713,0.9574351560842514
Lalbagh,907.5625,233.97222222222223,197.13425925925927,4.603778680632207,1.1868673821657547
Madavara,588.8263888888889,720.375,217.2974537037037,2.7097712322565184,3.3151561959040188
Magadi Road,349.5486111111111,846.4652777777778,209.00578703703704,1.6724350845327027,4.0499609593478825
Mahakavi Kuvempu Road,285.2916666666667,634.4513888888889,149.3252314814815,1.910538921227435,4.248788919289706
Mahalakshmi,681.0069444444445,819.6597222222222,305.837962962963,2.2266919967908447,2.6800457153237156
Mahatma Gandhi Road,2877.2986111111113,276.5138888888889,640.0775462962963,4.495234409893188,0.43200060756527264
Manjunathanagara,68.93055555555556,141.125,32.99305555555556,2.0892443696063987,4.277415280993475
Mantri Square Sampige Road,1714.5902777777778,736.9097222222222,513.3148148148148,3.3402314297052564,1.4355902088819943
Mysore Road,289.65972222222223,844.2638888888889,164.77546296296296,1.757905679726901,5.123723360914825
"Nadaprabhu Kempegowda Station, Majestic",2533.6805555555557,2047.798611111111,1145.5983796296296,2.2116656243654003,1.787536232176901
Nagasandra,727.4236111111111,1129.5625,286.4236111111111,2.5396775366711117,3.9436780215783735
Nallurahalli,1075.6041666666667,245.56944444444446,231.1539351851852,4.653194269891897,1.0623632439902462
National College,1011.0694444444445,660.8541666666666,425.2083333333333,2.377821329413686,1.554189122978932
Pantharapalya - Nayandahalli,159.93055555555554,184.01388888888889,68.15393518518519,2.3466077948543766,2.699974526619682
Pattanagere,468.80555555555554,438.3333333333333,184.65162037037038,2.538865105084023,2.3738396254207434
Pattandur Agrahara,1617.0416666666667,160.52083333333334,315.4375,5.12634568390463,0.508883164916452
Peenya,340.75694444444446,419.06944444444446,97.77662037037037,3.485055457569337,4.285988233762237
Peenya Industry,221.26388888888889,212.40972222222223,52.980324074074076,4.176340797378481,4.009219006007646
Ragigudda,215.55555555555554,94.34920634920636,72.32010582010582,2.980575776420236,1.3046054797527162
Rajajinagar,753.5694444444445,1005.3125,315.18402777777777,2.3908871580756395,3.1896048384431492
Rajarajeshwari Nagar,335.1666666666667,626.4305555555555,165.40509259259258,2.026338254845707,3.7872507172346235
Rashtreeya Vidyalaya Road,830.4444444444445,490.63194444444446,254.74652777777777,3.259885234505977,1.9259612632382408
Sandal Soap Factory,1321.423611111111,453.7916666666667,357.00231481481484,3.701442697357756,1.2711168746960608
Seetharampalya,1113.2777777777778,368.375,244.18865740740742,4.559088819266372,1.5085672033709516
Silk Institute,525.0486111111111,617.4236111111111,218.43055555555554,2.403732434666497,2.82663572200674
Singasandra,114.6842105263158,115.43859649122807,43.21345029239766,2.653900805196563,2.6713580079843022
Singayyanapalya,793.3958333333334,506.2916666666667,242.93287037037038,3.2659056476126045,2.0840805358895444
"Sir M. Visvesvaraya Stn., Central College",1545.6597222222222,196.45833333333334,366.0358796296296,4.222700036363062,0.5367187870547502
South End Circle,934.8611111111111,298.6111111111111,247.41319444444446,3.778541856711809,1.206932846817767
"Sri Balagangadharanatha Swamiji Station, Hosahalli",439.61805555555554,1253.826388888889,260.84143518518516,1.6853842843007185,4.806852822285428
Sri Sathya Sai Hospital,1366.9166666666667,93.0625,243.61689814814815,5.6109271444520985,0.38200346818063047
Srirampura,364.0625,618.3125,163.9212962962963,2.220959132374954,3.7720083599288277
Swami Vivekananda Road,914.5,552.8402777777778,243.77662037037038,3.7513851763577577,2.267815005958514
Thalaghattapura,157.56944444444446,337.375,76.79398148148148,2.0518462697814623,4.393247927656367
Trinity,2154.7291666666665,234.6875,264.12847222222223,8.157882974667736,0.8885354086421539
Vajarahalli,309.1875,561.2777777777778,152.51157407407408,2.027305152917963,3.6802307050163168
Vijayanagar,508.86805555555554,1442.1319444444443,317.29398148148147,1.6037746861115771,4.545097066483793
Whitefield (Kadugodi),385.2013888888889,1085.4930555555557,232.08912037037038,1.659713252711632,4.677052736566513
Yelachenahalli,558.2083333333334,1107.7430555555557,249.2685185185185,2.2393856097470377,4.443974963782921
Yeshwantpur,755.9305555555555,1176.5347222222222,448.974537037037,1.6836824657011606,2.6204932021014966
