Station,Evening Peak,Morning Peak,Off-Peak,Evening_to_OffPeak_Ratio,Morning_to_OffPeak_Ratio,Min_Headway_Minutes,Median_Headway_Minutes,Max_Headway_Minutes,Schedule_Periods,Evening_Demand_per_Headway,Peak_Min_Headway,Peak_Median_Headway,Peak_Max_Headway,Peak_Demand_per_Headway,Evening_Min_Headway,Evening_Median_Headway,Evening_Max_Headway,Evening_Schedule_Records,Demand_Intensity,Service_Gap_Ratio,Demand_Concentration,Scheduling_Priority_Score
Attiguppe,354.0208333333333,1089.3541666666667,227.3599537037037,1.5570940597335559,4.791319442676862,8.0,10.0,20.0,63,35.40208333333333,10.0,10.0,15.0,35.40208333333333,10.0,10.0,10.0,10,0.12303930915137895,1.0,1.5570940597335559,0.278780615461083
BTM Layout,276.03508771929825,310.6929824561403,110.60233918128655,2.495743668376249,2.809099561148416,5.0,10.0,30.0,70,27.603508771929825,6.0,8.0,18.0,34.50438596491228,8.0,8.0,8.0,2,0.09593550236786276,1.0,2.495743668376249,0.29974684422042713
Baiyappanahalli,834.6875,1598.3125,340.5925925925926,2.4506918769030013,4.692740050021748,5.0,10.0,185.0,94,83.46875,5.0,10.0,185.0,83.46875,10.0,10.0,10.0,14,0.29009415177720227,1.0,2.4506918769030013,0.39516942323703746
Banashankari,985.5625,822.375,371.181712962963,2.6552021976856945,2.215559040975862,5.5,10.0,25.0,58,98.55625,8.0,10.0,15.0,98.55625,8.0,10.0,11.0,5,0.3425304889086262,1.25,2.6552021976856945,0.4689083047653311
Benniganahalli,1690.3472222222222,2393.347222222222,766.9027777777778,2.204121918974229,3.1207961316261295,5.0,10.0,115.0,84,169.03472222222223,5.0,10.0,115.0,169.03472222222223,10.0,10.0,10.0,8,0.5874771619791905,1.0,2.204121918974229,0.5347935039083934
Beratena Agrahara,84.21929824561404,45.64912280701754,20.04824561403509,4.200831327936994,2.276963465324874,5.0,10.0,30.0,70,8.421929824561404,6.0,8.0,18.0,10.527412280701755,8.0,8.0,8.0,2,0.02927026688171636,1.0,4.200831327936994,0.329117540493581
Biocon Hebbagodi,159.0701754385965,96.75438596491227,48.23830409356725,3.2975905440218214,2.005758448249735,5.0,10.0,30.0,70,15.907017543859649,6.0,8.0,18.0,19.88377192982456,8.0,8.0,8.0,2,0.0552845557372195,1.0,3.2975905440218214,0.30890868562151563
Bommanahalli,385.1929824561403,307.9122807017544,121.36111111111111,3.1739408030261047,2.537157726084495,5.0,10.0,30.0,70,38.51929824561403,6.0,8.0,18.0,48.14912280701754,8.0,8.0,8.0,2,0.13387313397666167,1.0,3.1739408030261047,0.3436558486775381
Central Silk Board,534.859649122807,253.28947368421052,148.92690058479533,3.59142402764416,1.700763748453851,5.0,10.0,30.0,70,53.4859649122807,6.0,8.0,18.0,66.85745614035088,8.0,8.0,8.0,2,0.18588951701341247,1.0,3.59142402764416,0.38501667123687516
Challaghatta,509.5625,448.09027777777777,201.07407407407408,2.5342028918769572,2.228483606557377,8.0,10.0,20.0,59,50.95625,10.0,10.0,15.0,50.95625,10.0,10.0,10.0,8,0.17709753795878175,1.0,2.5342028918769572,0.3417421709837941
Chickpete,1670.6319444444443,301.11805555555554,525.375,3.17988473841436,0.5731488090517355,5.5,10.0,25.0,58,167.06319444444443,8.0,10.0,15.0,167.06319444444443,8.0,10.0,11.0,5,0.5806251523540357,1.25,3.17988473841436,0.6072504416117892
Chikkabidarakallu,186.91666666666666,535.3680555555555,103.61458333333333,1.8039609932643008,5.166917998726585,5.5,10.0,25.0,58,18.691666666666666,8.0,10.0,15.0,18.691666666666666,8.0,10.0,11.0,5,0.06496255409322498,1.25,1.8039609932643008,0.2988205834156564
Cubbon Park,2165.9236111111113,346.2083333333333,352.41898148148147,6.145876711878881,0.9823770895595915,5.0,10.0,185.0,98,216.59236111111113,5.0,10.0,185.0,216.59236111111113,10.0,10.0,10.0,18,0.7527628876429715,1.0,6.145876711878881,0.7623914294132145
Dasarahalli,591.6875,1290.2222222222222,318.84375,1.8557287072429678,4.046565824866325,5.5,10.0,25.0,58,59.16875,8.0,10.0,15.0,59.16875,8.0,10.0,11.0,5,0.20563993522087412,1.25,1.8557287072429678,0.37106299265770004
Deepanjali Nagar,220.13194444444446,482.6458333333333,129.2939814814815,1.7025691522692685,3.7329334884970007,8.0,10.0,20.0,63,22.013194444444444,10.0,10.0,15.0,22.013194444444444,10.0,10.0,10.0,10,0.07650646463817576,1.0,1.7025691522692685,0.2608639301271898
Delta Electronics Bommasandra,610.8421052631579,398.4122807017544,203.91081871345028,2.995633626097867,1.9538555296648148,5.0,10.0,30.0,70,61.08421052631579,6.0,8.0,18.0,76.35526315789474,8.0,8.0,8.0,2,0.21229708411365486,1.0,2.995633626097867,0.3763107116564671
Doddakallasandra,300.74305555555554,602.4027777777778,133.97800925925927,2.244719541798768,4.496281002444777,5.5,10.0,25.0,58,30.074305555555554,8.0,10.0,15.0,30.074305555555554,8.0,10.0,11.0,5,0.1045227125172869,1.25,2.244719541798768,0.33480922616934883
"Dr. B. R. Ambedkar Station, Vidhana Soudha",1808.4097222222222,192.3125,305.72685185185185,5.915115768432848,0.6290337235186335,5.0,10.0,185.0,98,180.8409722222222,5.0,10.0,185.0,180.8409722222222,10.0,10.0,10.0,18,0.628509573263888,1.0,5.915115768432848,0.6917787123906523
Electronic City,308.43859649122805,189.21929824561403,118.60233918128655,2.600611409693802,1.5954094965731471,5.0,10.0,30.0,70,30.843859649122805,6.0,8.0,18.0,38.55482456140351,8.0,8.0,8.0,2,0.10719728404279873,1.0,2.600611409693802,0.3092341672343505
Garudacharpalya,992.0138888888889,370.0625,194.47453703703704,5.100996274386107,1.902884077464202,5.0,10.0,115.0,84,99.20138888888889,5.0,10.0,115.0,99.20138888888889,10.0,10.0,10.0,8,0.34477265760949577,1.0,5.100996274386107,0.5199716235519014
Goraguntepalya,720.2430555555555,534.6666666666666,216.59490740740742,3.325300045955391,2.4685098697218093,5.5,10.0,25.0,58,72.02430555555556,8.0,10.0,15.0,72.02430555555556,8.0,10.0,11.0,5,0.25031918924724433,1.25,3.325300045955391,0.44744499843296626
Halasuru,607.0208333333334,886.7777777777778,251.5625,2.4130020703933748,3.5250793650793653,5.0,10.0,185.0,94,60.702083333333334,5.0,10.0,185.0,60.702083333333334,10.0,10.0,10.0,14,0.21096900787051898,1.0,2.4130020703933748,0.35422083704593355
Hongasandra,308.36752136752136,162.4102564102564,81.61823361823362,3.778169505724658,1.9898771292934934,5.0,10.0,30.0,70,30.836752136752136,6.0,8.0,18.0,38.54594017094017,8.0,8.0,8.0,2,0.1071725820103325,1.0,3.778169505724658,0.3525256279921083
Hoodi,638.0972222222222,513.7361111111111,200.26388888888889,3.186281989042236,2.565295790276718,5.0,10.0,115.0,80,63.80972222222222,5.0,10.0,115.0,63.80972222222222,10.0,10.0,10.0,6,0.22176955139731275,1.0,3.186281989042236,0.38805789520538764
Hopefarm Channasandra,162.29166666666666,306.4583333333333,67.08796296296296,2.419087709612863,4.568007728935201,5.0,10.0,115.0,69,16.229166666666664,5.0,10.0,115.0,16.229166666666664,10.0,10.0,10.0,6,0.05640417926730078,1.0,2.419087709612863,0.27716221754151826
Hosa Road,234.97368421052633,315.4298245614035,103.57163742690058,2.268706858828678,3.0455231991869347,5.0,10.0,30.0,70,23.497368421052634,6.0,8.0,18.0,29.37171052631579,8.0,8.0,8.0,2,0.08166468482038705,1.0,2.268706858828678,0.28426232783191063
Huskur Road,212.55555555555554,139.16239316239316,67.14814814814815,3.165471594043022,2.072468072468072,5.0,10.0,30.0,70,21.255555555555553,6.0,8.0,18.0,26.569444444444443,8.0,8.0,8.0,2,0.07387330419398982,1.0,3.165471594043022,0.31334448500680506
Indiranagar,2528.159722222222,1106.75,608.2280092592592,4.156598650070693,1.8196301109971476,5.0,10.0,185.0,94,252.81597222222223,5.0,10.0,185.0,252.81597222222223,10.0,10.0,10.0,14,0.8786574019322715,1.0,4.156598650070693,0.7521844846165499
Infosys Foundation Konappana Agrahara,628.8416666666667,298.64166666666665,181.65972222222223,3.4616460873886616,1.643961925150044,5.0,10.0,30.0,70,62.88416666666667,6.0,8.0,18.0,78.60520833333334,8.0,8.0,8.0,2,0.21855279957328802,1.0,3.4616460873886616,0.39657582654250473
Jalahalli,599.7083333333334,683.4722222222222,236.49537037037038,2.5358142630620755,2.8900025448779436,5.5,10.0,25.0,58,59.97083333333334,8.0,10.0,15.0,59.97083333333334,8.0,10.0,11.0,5,0.2084275615389628,1.25,2.5358142630620755,0.39746643973516205
Jaya Prakash Nagar,745.0,940.2361111111111,274.5925925925926,2.713110331804694,3.424113164283787,5.5,10.0,25.0,58,74.5,8.0,10.0,15.0,74.5,8.0,10.0,11.0,5,0.2589234211294834,1.25,2.713110331804694,0.429234298878263
Jayadeva Hospital,535.675,182.44166666666666,131.18333333333334,4.083407445051455,1.390738152712489,5.0,10.0,30.0,70,53.567499999999995,6.0,8.0,18.0,66.959375,8.0,8.0,8.0,2,0.18617289075642418,1.0,4.083407445051455,0.40325067760849004
Jayanagar,1398.625,518.0486111111111,423.95601851851853,3.2989860714500217,1.2219395137292586,5.5,10.0,25.0,58,139.8625,8.0,10.0,15.0,139.8625,8.0,10.0,11.0,5,0.4860896239962735,1.25,3.2989860714500217,0.5643625392207825
Jnanabharathi,181.57638888888889,540.4861111111111,118.06712962962963,1.5379080482305656,4.577786491520439,8.0,10.0,20.0,59,18.15763888888889,10.0,10.0,15.0,18.15763888888889,10.0,10.0,10.0,8,0.06310655007711226,1.0,1.5379080482305656,0.24810868480624299
Kadugodi Tree Park,622.0069444444445,1176.7083333333333,368.34143518518516,1.688669492563952,3.19461298928191,5.0,10.0,115.0,69,62.200694444444444,5.0,10.0,115.0,62.200694444444444,10.0,10.0,10.0,6,0.2161774040561773,1.0,1.688669492563952,0.3301882503229475
Kengeri,365.1875,638.1944444444445,162.15972222222223,2.252023467945698,3.9355916234850756,8.0,10.0,20.0,59,36.51875,10.0,10.0,15.0,36.51875,10.0,10.0,10.0,8,0.12692026423318553,1.0,2.252023467945698,0.30627659840835475
Kengeri Bus Terminal,407.5416666666667,698.7013888888889,218.59837962962962,1.86433983342952,3.196278902307949,8.0,10.0,20.0,59,40.75416666666667,10.0,10.0,15.0,40.75416666666667,10.0,10.0,10.0,8,0.1416403793102616,1.0,1.86433983342952,0.29937988238002383
Konanakunte Cross,824.3611111111111,1050.138888888889,368.5011574074074,2.2370651883725676,2.8497573692227967,5.5,10.0,25.0,58,82.4361111111111,8.0,10.0,15.0,82.4361111111111,8.0,10.0,11.0,5,0.28650523373824305,1.25,2.2370651883725676,0.42551900369959755
Krantivira Sangolli Rayanna Railway Station,691.1944444444445,1161.7777777777778,366.787037037037,1.8844571226617526,3.1674450306717494,8.0,10.0,20.0,63,69.11944444444444,10.0,10.0,15.0,69.11944444444444,10.0,10.0,10.0,10,0.24022339627013184,1.0,1.8844571226617526,0.34941118901450596
Krishna Rajendra Market,918.0208333333334,403.27777777777777,320.50231481481484,2.86431888600793,1.258267909892602,5.5,10.0,25.0,58,91.80208333333334,8.0,10.0,15.0,91.80208333333334,8.0,10.0,11.0,5,0.3190565031339678,1.25,2.86431888600793,0.46486142053627494
Krishnarajapura,1297.875,1635.2916666666667,558.0231481481482,2.32584437456962,2.9305086573801367,5.0,10.0,115.0,84,129.7875,5.0,10.0,115.0,129.7875,10.0,10.0,10.0,8,0.451074141205944,1.0,2.32584437456962,0.47106824511694634
Kudlu Gate,365.4957264957265,219.2136752136752,97.21652421652422,3.759604958532368,2.2549013861618263,5.0,10.0,30.0,70,36.54957264957265,6.0,8.0,18.0,45.68696581196581,8.0,8.0,8.0,2,0.12702738780198589,1.0,3.759604958532368,0.3617703336520245
Kundalahalli,1065.8472222222222,224.59722222222223,234.58217592592592,4.543598498117713,0.9574351560842514,5.0,10.0,115.0,80,106.58472222222221,5.0,10.0,115.0,106.58472222222221,10.0,10.0,10.0,6,0.37043330091159,1.0,4.543598498117713,0.51230406194086
Lalbagh,907.5625,233.97222222222223,197.13425925925927,4.603778680632207,1.1868673821657547,5.5,10.0,25.0,58,90.75625,8.0,10.0,15.0,90.75625,8.0,10.0,11.0,5,0.31542172803869367,1.25,4.603778680632207,0.5270113563748301
Madavara,588.8263888888889,720.375,217.2974537037037,2.7097712322565184,3.3151561959040188,5.5,10.0,25.0,58,58.88263888888889,8.0,10.0,15.0,58.88263888888889,8.0,10.0,11.0,5,0.20464556115762517,1.25,2.7097712322565184,0.4019725760222273
Magadi Road,349.5486111111111,846.4652777777778,209.00578703703704,1.6724350845327027,4.0499609593478825,8.0,10.0,20.0,63,34.95486111111111,10.0,10.0,15.0,34.95486111111111,10.0,10.0,10.0,10,0.12148499629523254,1.0,1.6724350845327027,0.28224503831861525
Mahakavi Kuvempu Road,285.2916666666667,634.4513888888889,149.3252314814815,1.910538921227435,4.248788919289706,5.5,10.0,25.0,58,28.52916666666667,8.0,10.0,15.0,28.52916666666667,8.0,10.0,11.0,5,0.09915260986988664,1.25,1.910538921227435,0.319834934305828
Mahalakshmi,681.0069444444445,819.6597222222222,305.837962962963,2.2266919967908447,2.6800457153237156,5.5,10.0,25.0,58,68.10069444444444,8.0,10.0,15.0,68.10069444444444,8.0,10.0,11.0,5,0.23668274881676726,1.25,2.2266919967908447,0.40022629493391504
Mahatma Gandhi Road,2877.2986111111113,276.5138888888889,640.0775462962963,4.495234409893188,0.43200060756527264,5.0,10.0,185.0,98,287.7298611111111,5.0,10.0,185.0,287.7298611111111,10.0,10.0,10.0,18,1.0,1.0,4.495234409893188,0.8253088585795609
Manjunathanagara,68.93055555555556,141.125,32.99305555555556,2.0892443696063987,4.277415280993475,5.5,10.0,25.0,58,6.893055555555556,8.0,10.0,15.0,6.893055555555556,8.0,10.0,11.0,5,0.023956691630604515,1.25,2.0892443696063987,0.2888087334082853
Mantri Square Sampige Road,1714.5902777777778,736.9097222222222,513.3148148148148,3.3402314297052564,1.4355902088819943,5.5,10.0,25.0,58,171.45902777777778,8.0,10.0,15.0,171.45902777777778,8.0,10.0,11.0,5,0.5959027926947296,1.25,3.3402314297052564,0.6207858905443584
Mysore Road,289.65972222222223,844.2638888888889,164.77546296296296,1.757905679726901,5.123723360914825,8.0,10.0,20.0,63,28.965972222222224,10.0,10.0,15.0,28.965972222222224,10.0,10.0,10.0,10,0.10067071978683709,1.0,1.757905679726901,0.27498101680657744
"Nadaprabhu Kempegowda Station, Majestic",2533.6805555555557,2047.798611111111,1145.5983796296296,2.2116656243654003,1.787536232176901,5.0,10.0,185.0,156,253.36805555555557,5.0,10.0,185.0,253.36805555555557,8.0,10.0,11.0,23,0.8805761577096572,1.25,2.2116656243654003,0.7216204158557333
Nagasandra,727.4236111111111,1129.5625,286.4236111111111,2.5396775366711117,3.9436780215783735,5.5,10.0,25.0,58,72.74236111111111,8.0,10.0,15.0,72.74236111111111,8.0,10.0,11.0,5,0.25281477852248563,1.25,2.5396775366711117,0.4198021172031897
Nallurahalli,1075.6041666666667,245.56944444444446,231.1539351851852,4.653194269891897,1.0623632439902462,5.0,10.0,115.0,80,107.56041666666667,5.0,10.0,115.0,107.56041666666667,10.0,10.0,10.0,6,0.3738243095496113,1.0,4.653194269891897,0.5180298681941289
National College,1011.0694444444445,660.8541666666666,425.2083333333333,2.377821329413686,1.554189122978932,5.5,10.0,25.0,58,101.10694444444445,8.0,10.0,15.0,101.10694444444445,8.0,10.0,11.0,5,0.3513953819530761,1.25,2.377821329413686,0.4631402788439081
Pantharapalya - Nayandahalli,159.93055555555554,184.01388888888889,68.15393518518519,2.3466077948543766,2.699974526619682,8.0,10.0,20.0,59,15.993055555555554,10.0,10.0,15.0,15.993055555555554,10.0,10.0,10.0,8,0.05558357931219242,1.0,2.3466077948543766,0.2740865233072597
Pattanagere,468.80555555555554,438.3333333333333,184.65162037037038,2.538865105084023,2.3738396254207434,8.0,10.0,20.0,59,46.88055555555555,10.0,10.0,15.0,46.88055555555555,10.0,10.0,10.0,8,0.16293253461604368,1.0,2.538865105084023,0.3348311186904639
Pattandur Agrahara,1617.0416666666667,160.52083333333334,315.4375,5.12634568390463,0.508883164916452,5.0,10.0,115.0,80,161.70416666666668,5.0,10.0,115.0,161.70416666666668,10.0,10.0,10.0,6,0.5619999469023559,1.0,5.12634568390463,0.6295174736343706
Peenya,340.75694444444446,419.06944444444446,97.77662037037037,3.485055457569337,4.285988233762237,5.5,10.0,25.0,58,34.075694444444444,8.0,10.0,15.0,34.075694444444444,8.0,10.0,11.0,5,0.1184294682270938,1.25,3.485055457569337,0.3873750228204812
Peenya Industry,221.26388888888889,212.40972222222223,52.980324074074076,4.176340797378481,4.009219006007646,5.5,10.0,25.0,58,22.12638888888889,8.0,10.0,15.0,22.12638888888889,8.0,10.0,11.0,5,0.07689986991077181,1.25,4.176340797378481,0.39203172119871876
Ragigudda,215.55555555555554,94.34920634920636,72.32010582010582,2.980575776420236,1.3046054797527162,5.0,10.0,30.0,70,21.555555555555554,6.0,8.0,18.0,26.944444444444443,8.0,8.0,8.0,2,0.07491594884283338,1.0,2.980575776420236,0.3070664029441965
Rajajinagar,753.5694444444445,1005.3125,315.18402777777777,2.3908871580756395,3.1896048384431492,5.5,10.0,25.0,58,75.35694444444445,8.0,10.0,15.0,75.35694444444445,8.0,10.0,11.0,5,0.2619017162606708,1.25,2.3908871580756395,0.4188739320025621
Rajarajeshwari Nagar,335.1666666666667,626.4305555555555,165.40509259259258,2.026338254845707,3.7872507172346235,8.0,10.0,20.0,59,33.516666666666666,10.0,10.0,15.0,33.516666666666666,10.0,10.0,10.0,8,0.11648657715691078,1.0,2.026338254845707,0.29276035119646526
Rashtreeya Vidyalaya Road,830.4444444444445,490.63194444444446,254.74652777777777,3.259885234505977,1.9259612632382408,5.0,10.0,30.0,128,83.04444444444445,6.0,8.0,18.0,103.80555555555556,8.0,8.0,11.0,7,0.28861948538728693,1.0,3.259885234505977,0.4241895660974139
Sandal Soap Factory,1321.423611111111,453.7916666666667,357.00231481481484,3.701442697357756,1.2711168746960608,5.5,10.0,25.0,58,132.14236111111111,8.0,10.0,15.0,132.14236111111111,8.0,10.0,11.0,5,0.45925841899351,1.25,3.701442697357756,0.5657469759142799
Seetharampalya,1113.2777777777778,368.375,244.18865740740742,4.559088819266372,1.5085672033709516,5.0,10.0,115.0,80,111.32777777777778,5.0,10.0,115.0,111.32777777777778,10.0,10.0,10.0,6,0.386917705892149,1.0,4.559088819266372,0.5211159093205096
Silk Institute,525.0486111111111,617.4236111111111,218.43055555555554,2.403732434666497,2.82663572200674,5.5,10.0,25.0,58,52.50486111111111,8.0,10.0,15.0,52.50486111111111,8.0,10.0,11.0,5,0.18247970825258064,1.25,2.403732434666497,0.37963530336712964
Singasandra,114.6842105263158,115.43859649122807,43.21345029239766,2.653900805196563,2.6713580079843022,5.0,10.0,30.0,70,11.46842105263158,6.0,8.0,18.0,14.335526315789474,8.0,8.0,8.0,2,0.03985829280403705,1.0,2.653900805196563,0.27752434898475675
Singayyanapalya,793.3958333333334,506.2916666666667,242.93287037037038,3.2659056476126045,2.0840805358895444,5.0,10.0,115.0,84,79.33958333333334,5.0,10.0,115.0,79.33958333333334,10.0,10.0,10.0,8,0.27574330667992497,1.0,3.2659056476126045,0.41797287289976953
"Sir M. Visvesvaraya Stn., Central College",1545.6597222222222,196.45833333333334,366.0358796296296,4.222700036363062,0.5367187870547502,5.0,10.0,185.0,98,154.56597222222223,5.0,10.0,185.0,154.56597222222223,10.0,10.0,10.0,18,0.5371912794360064,1.0,4.222700036363062,0.5838822520465546
South End Circle,934.8611111111111,298.6111111111111,247.41319444444446,3.778541856711809,1.206932846817767,5.5,10.0,25.0,58,93.48611111111111,8.0,10.0,15.0,93.48611111111111,8.0,10.0,11.0,5,0.32490931163731407,1.25,3.778541856711809,0.5014076857326111
"Sri Balagangadharanatha Swamiji Station, Hosahalli",439.61805555555554,1253.826388888889,260.84143518518516,1.6853842843007185,4.806852822285428,8.0,10.0,20.0,63,43.96180555555556,10.0,10.0,15.0,43.96180555555556,10.0,10.0,10.0,10,0.15278847105333657,1.0,1.6853842843007185,0.29837297276282104
Sri Sathya Sai Hospital,1366.9166666666667,93.0625,243.61689814814815,5.6109271444520985,0.38200346818063047,5.0,10.0,115.0,80,136.69166666666666,5.0,10.0,115.0,136.69166666666666,10.0,10.0,10.0,6,0.47506944930502426,1.0,5.6109271444520985,0.6038723429491497
Srirampura,364.0625,618.3125,163.9212962962963,2.220959132374954,3.7720083599288277,5.5,10.0,25.0,58,36.40625,8.0,10.0,15.0,36.40625,8.0,10.0,11.0,5,0.1265292724898692,1.25,2.220959132374954,0.3449387350008834
Swami Vivekananda Road,914.5,552.8402777777778,243.77662037037038,3.7513851763577577,2.267815005958514,5.0,10.0,185.0,94,91.45,5.0,10.0,185.0,91.45,10.0,10.0,10.0,14,0.3178328437891444,1.0,3.7513851763577577,0.4568707853491626
Thalaghattapura,157.56944444444446,337.375,76.79398148148148,2.0518462697814623,4.393247927656367,5.5,10.0,25.0,58,15.756944444444446,8.0,10.0,15.0,15.756944444444446,8.0,10.0,11.0,5,0.054762979357084074,1.25,2.0518462697814623,0.30283659032731175
Trinity,2154.7291666666665,234.6875,264.12847222222223,8.157882974667736,0.8885354086421539,5.0,10.0,185.0,94,215.47291666666666,5.0,10.0,185.0,215.47291666666666,10.0,10.0,10.0,14,0.7488722784440458,1.0,8.157882974667736,0.8344361392220229
Vajarahalli,309.1875,561.2777777777778,152.51157407407408,2.027305152917963,3.6802307050163168,5.5,10.0,25.0,58,30.91875,8.0,10.0,15.0,30.91875,8.0,10.0,11.0,5,0.10745756412143913,1.25,2.027305152917963,0.32828140162684666
Vijayanagar,508.86805555555554,1442.1319444444443,317.29398148148147,1.6037746861115771,4.545097066483793,8.0,10.0,20.0,63,50.886805555555554,10.0,10.0,15.0,50.886805555555554,10.0,10.0,10.0,10,0.1768561850308087,1.0,1.6037746861115771,0.3074056982652673
Whitefield (Kadugodi),385.2013888888889,1085.4930555555557,232.08912037037038,1.659713252711632,4.677052736566513,5.0,10.0,115.0,69,38.520138888888894,5.0,10.0,115.0,38.520138888888894,10.0,10.0,10.0,6,0.13387605561736873,1.0,1.659713252711632,0.2879727321994726
Yelachenahalli,558.2083333333334,1107.7430555555557,249.2685185185185,2.2393856097470377,4.443974963782921,5.5,10.0,25.0,58,55.82083333333334,8.0,10.0,15.0,55.82083333333334,8.0,10.0,11.0,5,0.1940043105632936,1.25,2.2393856097470377,0.379353873859894
Yeshwantpur,755.9305555555555,1176.5347222222222,448.974537037037,1.6836824657011606,2.6204932021014966,5.5,10.0,25.0,58,75.59305555555555,8.0,10.0,15.0,75.59305555555555,8.0,10.0,11.0,5,0.26272231621577913,1.25,1.6836824657011606,0.39327731224724466
