Station,Cluster
Attiguppe,0
BTM Layout,0
Baiyappanahalli,1
Banashankari,1
Benniganahalli,1
Beratena Agrahara,0
Biocon Hebbagodi,0
Bommanahalli,0
Central Silk Board,0
Challaghatta,0
Chickpete,1
Chikkabidarakallu,0
Cubbon Park,1
Dasarahalli,1
Deepanjali Nagar,0
Delta Electronics Bommasandra,0
Doddakallasandra,0
"Dr. B. R. Ambedkar Station, Vidhana Soudha",1
Electronic City,0
Garudacharpalya,0
Goraguntepalya,0
Halasuru,0
Hongasandra,0
Hoodi,0
Hopefarm Channasandra,0
Hosa Road,0
Huskur Road,0
Indiranagar,1
Infosys Foundation Konappana Agrahara,0
Jalahalli,0
Jaya Prakash Nagar,1
Jayadeva Hospital,0
Jayanagar,1
Jnanabharathi,0
Kadugodi Tree Park,1
Kengeri,0
Kengeri Bus Terminal,0
Konanakunte Cross,1
Krantivira Sangolli Rayanna Railway Station,1
Krishna Rajendra Market,0
Krishnarajapura,1
Kudlu Gate,0
Kundalahalli,0
Lalbagh,0
Madavara,0
Magadi Road,0
Mahakavi Kuvempu Road,0
Mahalakshmi,1
Mahatma Gandhi Road,1
Manjunathanagara,0
Mantri Square Sampige Road,1
Mysore Road,0
"Nadaprabhu Kempegowda Station, Majestic",1
Nagasandra,1
Nallurahalli,0
National College,1
Pantharapalya - Nayandahalli,0
Pattanagere,0
Pattandur Agrahara,1
Peenya,0
Peenya Industry,0
Ragigudda,0
Rajajinagar,1
Rajarajeshwari Nagar,0
Rashtreeya Vidyalaya Road,0
Sandal Soap Factory,1
Seetharampalya,0
Silk Institute,0
Singasandra,0
Singayyanapalya,0
"Sir M. Visvesvaraya Stn., Central College",1
South End Circle,0
"Sri Balagangadharanatha Swamiji Station, Hosahalli",1
Sri Sathya Sai Hospital,0
Srirampura,0
Swami Vivekananda Road,0
Thalaghattapura,0
Trinity,1
Vajarahalli,0
Vijayanagar,1
Whitefield (Kadugodi),0
Yelachenahalli,1
Yeshwantpur,1
